country,name,1976,1979,1983,1986,1989,1992,1996,1999,2003,2007,2009,2013
Ägypten,"El-Saai, Maher",,,,1,1,,,,,,,
Äthiopien,"Hailu, Yohannes",,,,1,,,,,,,,
Belgien,"Aron, Jacques",,,,1,,,,,,,,
Belgien,"Burniat, Patrick",,,,1,,,,,,,,
Belgien,"Liefooghe, Maarten",,,,,,,,,,,,1
Belgien,"van Boxelaer, Franz",,,,1,1,,,,,,,
Belgien,"Verlinden, Leo",,,,,1,,,,,,,
Belgien,"Vervoort, Stefaan",,,,,,,,,,,,1
Belgien,"Vincent, Paul-Emile",,,,1,,,,,,,,
Berlin (West),"Barz, Hildegard",,,,1,1,,,,,,,
Berlin (West),"Droste, Magdalena",,,1,1,1,,,,,,,
Berlin (West),"Geist, Johann Friedrich",,,1,1,1,,,,,,,
Berlin (West),"Grazioli, Alfred",,,1,1,,,,,,,,
Berlin (West),"Hahn, Birgitte",,1,,,,,,,,,,
Berlin (West),"Hahn, Peter",,1,1,,1,,,,,,,
Berlin (West),"Hammann, Winfried",,,,,1,,,,,,,
Berlin (West),"Hausmann, Erika",,,,1,,,,,,,,
Berlin (West),"Hintz, Karsten",,,,,1,,,,,,,
Berlin (West),"Kieren, Martin",,,,1,1,,,,,,,
Berlin (West),"Krausse, Joachim",,,,1,1,,,,,,,
Berlin (West),"Krumteich, Hanna",,,,,1,,,,,,,
Berlin (West),"Kürvers, Klaus-D.",,,,1,1,,,,,,,
Berlin (West),"Leo, Ludwig",,,1,1,,,,,,,,
Berlin (West),"Ludewig, Manfred",,,,,1,,,,,,,
Berlin (West),"Quijano, Marcela",,,1,,,,,,,,,
Berlin (West),"Riemann, Sibille",,,1,,1,,,,,,,
Berlin (West),"Scheper, Dirk",,,1,,,,,,,,,
Berlin (West),"Scheper, Renate",,,1,,,,,,,,,
Berlin (West),"Schlenzig, Gerhard",,,,1,,,,,,,,
Berlin (West),"Wingler, Hans Maria",,1,,,,,,,,,,
Berlin (West),"Wingler, Hedwig",,1,,,,,,,,,,
Brasilien,"Da Silva, Roberto",,,,1,,,,,,,,
Brasilien,"Duarte, Rodrigo",,,,,,,,1,,,,
Brasilien,"Loureiro, Felipe",,,,,,,,,,,,1
Bulgarien,"Filipow, Gawril",,,1,,,,,,,,,
Bulgarien,"Nenov, Nikolai",,,,1,,,,,,,,
Bulgarien,"Sandev, Costa",,,,,1,,,,,,,
Bulgarien,"Smoljanow, Alexander",,,,,1,,,,,,,
Bulgarien,"Sterew, Sterü Georgiew",1,,,,,,,,,,,
Bulgarien,"Warbanowa, W.",,,1,,,,,,,,,
BRD,"Arndt, Gertrud",,,1,,,,,,,,,
BRD,"Bauer, Carl",,,,1,,,,,,,,
BRD/NL,"Bollerey, Franziska",,,,1,1,1,1,,,,,
BRD,"Boyken, Immo",,,,1,,,,,,,,
BRD/D,"Brake, Klaus-Heinrich",,,,,1,1,,,,,,
BRD,"Bruttel, Roswitha",,,,,1,,,,,,,
BRD,"Burghardt, Berthold",,,,1,1,,,,,,,
BRD,"Burkhardt, Annemarie",,,1,,,,,,,,,
BRD,"Burkhardt, Lucius",,,1,,,,,,,,,
BRD,"Fehl, Gerhard",,,,,1,,,,,,,
BRD,"Frank, Ellen",,,1,,,,,,,,,
BRD,"Frank-v. Maur, Karin",,,1,,,,,,,,,
BRD,"Friemert, Chup",,,1,1,1,,,,,,,
BRD,"Gaßner, Hubertus",,,,1,,,,,,,,
BRD,"Genz, Kurt",,,1,,,,,,,,,
BRD,"Haarnagell, Günter",,,,,1,,,,,,,
BRD/D,"Hartmann, Kristiana",,,,1,,1,1,,,,,
BRD/D,"Helms, Hans G",,,,1,1,1,1,,,,,
BRD,"Henn, Hildegard",,,,,1,,,,,,,
BRD,"Henn, Walter",,,,,1,,,,,,,
BRD,"Herget, Gerhard",,,,,1,,,,,,,
BRD,"Hermann, Erika",,,,1,,,,,,,,
BRD,"Hilpert, Thilo",,1,,,,,,,,,,
BRD,"Janssen, Jörn",,,,,1,,,,,,,
BRD,"Jammers, Hiltrud",,1,,,,,,,,,,
BRD,"Jammers, Reinhard",,1,,,,,,,,,,
BRD,"Kallnbach, Kuno",,,1,,,,,,,,,
BRD,"Kellner, Petra",,,,,1,,,,,,,
BRD,"Kleinerüschkamp, Werner",,,,,1,,,,,,,
BRD,"Kramer, Ferdinand",,1,1,,,,,,,,,
BRD,"Kramer, Lore",,1,1,1,1,,,,,,,
BRD,"Kuhnert, Nikolaus",,,,,1,,,,,,,
BRD/D,"Meurer, Berndt",,,,,1,1,1,,,,,
BRD,"Minke, Gernot",,,,,1,,,,,,,
BRD,"Moldenschardt, Hans-Heinrich",,,,1,1,,,,,,,
BRD,"Muche, Georg",,1,1,,,,,,,,,
BRD,"Müller, Werner",,,,,1,,,,,,,
BRD,"Nerdinger, Winfried",,,1,1,1,,,,,,,
BRD,"Neumann, Eckhard",,1,1,1,1,,,,,,,
BRD/D (NL),"Oswalt, Philipp",,,,,1,,1,,,,1,
BRD,"Petsch, Joachim",,1,1,1,1,,,,,,,
BRD,"Petsch-Bahr, Wiltrud",,1,1,1,,,,,,,,
BRD,"Petzinger, Renate",,,,1,,,,,,,,
BRD,"Rattemeyer, Volker",,,,1,,,,,,,,
BRD,"Richter, Wolfgang",,,,,1,,,,,,,
BRD,"Roericht, Hans",,,1,,,,,,,,,
BRD,"Schirmer, Wulf",,,,1,,,,,,,,
BRD,"Schirmer, Edda",,,,1,,,,,,,,
BRD,"Schütt, Bernd",,,,,1,,,,,,,
BRD,"Schlemmer, Jaina Ute",,,1,1,,,,,,,,
BRD,"Schlemmer, Raman",,,1,1,,,,,,,,
BRD,"Schlemmer, Tut",,1,1,,,,,,,,,
BRD,"Staubach, Helmut",,,,,1,,,,,,,
BRD,"Steckner, Cornelius",,,1,,,,,,,,,
BRD,"Weber, Jos",,,1,1,,,,,,,,
BRD,"Weick, Wolfgang E.",,,,,1,,,,,,,
BRD,"Weis, Ursula",,,,,1,,,,,,,
BRD/D,"Wick, Rainer",,,1,1,,1,1,,,,,
BRD,"zur Netten, Felix",,,,,1,,,,,,,
Chile,"Mondragon, Hugo",,,,,,,,,,,,1
Chile,"Vargas, Eduardo",,,,1,1,,,,,,,
China,"Qun, Dang",,,,,,,,,,,1,
China,"Yansong, Ma",,,,,,,,,,,1,
CSSR,"Adlerova, Alena",,1,,,,,,,,,,
CSSR,"Beisetzer, L.adislav",,,1,,,,,,,,,
CSSR,"Blühova, Irene",,,1,1,,,,,,,,
CSSR,"Budkeova, Barnislava",,,,,1,,,,,,,
CSSR,"Fuchs, Kamil",,,,1,,,,,,,,
CSSR,"Havas, Peter",,,1,1,1,,,,,,,
CSSR,"Jaros, Jan",,,,,1,,,,,,,
CSSR,"Kandrl, Karel",,,,,1,,,,,,,
CSSR,"Karfik, Vladimir",,,,,1,,,,,,,
CSSR,"Karfikowa, Svetla",,,,,1,,,,,,,
CSSR,"Labaj, Osvald",,,,,1,,,,,,,
CSSR,"Lamarova, Bohumila M.",,1,1,,,,,,,,,
CSSR,"Masák, Miroslav",,,,1,,,,,,,,
CSSR,"Metcinski, Ludvik",,,,1,,,,,,,,
CSSR,"Mojzisova, Iva",,,,1,,,,,,,,
CSSR,"Pechar, Josef",,1,1,1,,,,,,,,
CSSR,"Radova, Milada",,1,,,,,,,,,,
CSSR,"Suchomel, Jiri",,,,1,,,,,,,,
CSSR,"Sekera, Jan",,1,1,,,,,,,,,
CSSR,"Sevcik, Jiri",,1,1,1,1,,,,,,,
CSSR,"Slachta, Stefan",,,,,1,,,,,,,
CSSR,"Slapeta, Vladimir",,1,,1,1,,,,,,,
CSSR,"Straus, Tomás",,1,,,,,,,,,,
CSSR,"Urban, Milan",,,,1,,,,,,,,
CSSR,"Ürlich, Petr",,1,,,,,,,,,,
CSSR,"Zraley, Wenzel",,1,,,,,,,,,,
Dänemark,"Bastlund, Knud",,,1,,,,,,,,,
Dänemark,"Munch, Anders V.",,,,,,,,,,,,1
Dänemark,"Rumpfhuber, Andreas",,,,,,,,,,,1,
DDR,"Adami, Horst",,,,,1,,,,,,,
DDR,"Ahnemüller, Rolf",,,1,,,,,,,,,
DDR,"Albeshausen, Sigrid",,,1,,,,,,,,,
DDR,"Albershausen, Hans",,,,,1,,,,,,,
DDR,"Alder, Waldemar",,,,1,1,,,,,,,
DDR,"Alvarez, Manuel",,,,1,,,,,,,,
DDR,"Ameling, Lothar",,,1,1,1,,,,,,,
DDR,"Andrä, Isolde",,,1,,,,,,,,,
DDR,"Andrä, Klaus",,,,,1,,,,,,,
DDR,"Andreas, Rolf",,,,1,,,,,,,,
DDR,"Andres, Günter",,,1,1,,,,,,,,
DDR,"Angermann, Bärbel",,,,,1,,,,,,,
DDR,"Apel, Angelika",,,,1,,,,,,,,
DDR,"Arnold, Günter",,,,1,,,,,,,,
DDR,"Aschenbach, Hanna",,,,,1,,,,,,,
DDR,"Bach, Anita",1,1,1,1,1,,,,,,,
DDR,"Bach, Joachim",1,1,1,1,1,,,,,,,
DDR,"Bartsch, Ekkard",,,1,,1,,,,,,,
DDR,"Bauer, Hans",,,,,1,,,,,,,
DDR,"Baumbach, Christine",,,,1,,,,,,,,
DDR,"Baumbach, Kurt",,,,1,1,,,,,,,
DDR,"Baumbach, Peter",,,1,,,,,,,,,
DDR,"Baumbach, Ute",,,1,1,,,,,,,,
DDR,"Baumgärtel, Gerhard",,,1,1,1,,,,,,,
DDR,"Begenau, Siegfried Heinz",1,1,1,,,,,,,,,
DDR,"Behr, Adalbert",1,1,1,1,1,,,,,,,
DDR,"Beil, Stefan",,,,1,,,,,,,,
DDR,"Berg, Carola",,,,1,,,,,,,,
DDR,"Berger, Hans",1,,,,,,,,,,,
DDR,"Berger, Manfred",,,,,1,,,,,,,
DDR,"Berger, Matthias",,,,1,1,,,,,,,
DDR,"Bernhardt, Gunter",,,,,1,,,,,,,
DDR,"Berning, Barbara",,,1,1,1,,,,,,,
DDR,"Bertram, Bernd",,,,,1,,,,,,,
DDR,"Beyer, Klaus",,,,1,,,,,,,,
DDR,"Bieberbach, Dieter",,,,,1,,,,,,,
DDR,"Blank, Michael",,,,,1,,,,,,,
DDR,"Blei, Eberhard",,,,1,,,,,,,,
DDR,"Blätterlein, A.",,,,,1,,,,,,,
DDR,"Bock, Sabine",,1,,,,,,,,,,
DDR,"Bock, Sonni",,,,1,,,,,,,,
DDR,"Bonitz, Johannes",,,,,1,,,,,,,
DDR,"Bornkessel, Ulla",,1,,,,,,,,,,
DDR,"Böhme, Sylvia",,,,1,,,,,,,,
DDR,"Börnert, Gottfried",1,1,1,1,,,,,,,,
DDR,"Bortenreuter, Lothar",,,1,,,,,,,,,
DDR,"Bote, Peter",,,,1,1,,,,,,,
DDR,"Böttcher, Andreas",,,,1,,,,,,,,
DDR,"Bräuer, Michael",,,1,1,1,,,,,,,
DDR,"Braune, Harry",,,,,1,,,,,,,
DDR,"Brandstädter, Wulf",,,1,,,,,,,,,
DDR,"Brodhun, Paul",,1,,,,,,,,,,
DDR,"Brock, Udo",,,,1,1,,,,,,,
DDR,"Budszuhn, Dieter",,1,1,1,,,,,,,,
DDR,"Bürgel, Hannes",,,,,1,,,,,,,
DDR,"Büttner, Oskar",,,1,1,,,,,,,,
DDR,"Burggraf, Horst",,,1,,,,,,,,,
DDR,"Burghardt, Gerhald",,,,,1,,,,,,,
DDR,"Burhenne, Jochen",,,,1,,,,,,,,
DDR,"Burmeister, Karl-Heinz",,,,1,1,,,,,,,
DDR,"Casparius, Joachim",,,1,1,1,,,,,,,
DDR,"Claus, Werner",,1,1,,,,,,,,,
DDR,"Clausing, Hugo",,,1,,,,,,,,,
DDR,"Collein, Edmund",1,1,,1,1,,,,,,,
DDR,"Collein, Lotte",,1,,,,,,,,,,
DDR,"Dauer, Horst",,,,,1,,,,,,,
DDR,"Decker, Martin",,,1,1,1,,,,,,,
DDR,"Deutschland, Heinz",,,,,1,,,,,,,
DDR,"Dielitzsch, Christoph",,,,,1,,,,,,,
DDR,"Dietel, Clauss",,,,1,,,,,,,,
DDR,"Dietl, Roland",,,,,1,,,,,,,
DDR,"Dietzsch, Folke",,,1,1,1,,,,,,,
DDR,"Dinger, Jörg",,,,1,,,,,,,,
DDR,"Doehler, Peter",1,,1,,,,,,,,,
DDR,"Dohnert, Sigfried",1,,,,,,,,,,,
DDR,"Dolgner, Angela",,,,,1,,,,,,,
DDR,"Dolgner, Dieter",1,1,1,1,,,,,,,,
DDR,"Döll, Georg",,,,1,,,,,,,,
DDR/D,"Donath, Dirk",,,,,1,,1,,,,,
DDR,"Dorst, Till",,,,,1,,,,,,,
DDR,"Drechsler, Volkrad",,,,1,1,,,,,,,
DDR,"Drescher, Eberhard",,,1,,,,,,,,,
DDR,"Dreßler, ?",,1,,,,,,,,,,
DDR,"Driefer, Hans-Joachim",,,,,1,,,,,,,
DDR,"Dupke, Eckhard",,,,,1,,,,,,,
DDR,"Eberlein, Kurt",,,1,,1,,,,,,,
DDR,"Ehlert, Ingrid",1,,,,,,,,,,,
DDR,"Ehrlich, Franz",1,1,1,,,,,,,,,
DDR,"Eichert, Christine",,1,1,,,,,,,,,
DDR,"Eichner, Georg",,,,,1,,,,,,,
DDR,"Eisel, Eberhard",,,,,1,,,,,,,
DDR,"Emmrich, Angelika",,,,1,1,,,,,,,
DDR,"Emmrich, Peter",,1,,1,,,,,,,,
DDR,"Engel, Margit",,1,,,,,,,,,,
DDR,"Engelberger, Otto",1,,,,,,,,,,,
DDR,"Engelskircher, Horst",,,1,,,,,,,,,
DDR,"Erfurth, Helmut",,,,1,,,,,,,,
DDR,"Ewald, Rudi",,,,,1,,,,,,,
DDR,"Fabian, Birgitte",,,1,,,,,,,,,
DDR,"Falkenberg, Manuela",,,1,1,,,,,,,,
DDR,"Fankhänel, Günter",,,,1,,,,,,,,
DDR,"Färber, Axel",,,,1,,,,,,,,
DDR,"Fetter, Werner",,,,1,,,,,,,,
DDR,"Fichte, Werner",,1,,,,,,,,,,
DDR,"Fiedler, Reinhold",,1,1,1,1,,,,,,,
DDR,"Fieger, Dora",,1,1,1,,,,,,,,
DDR,"Fischer, Dietmar",,,1,,1,,,,,,,
DDR,"Fischer, Hans-Joachim",,,,,1,,,,,,,
DDR,"Fliegel, Siegbert",,,1,1,1,,,,,,,
DDR,"Flieger, Alfred",,1,,,,,,,,,,
DDR/D,"Flierl, Bruno",,1,1,1,1,1,,,,,,
DDR,"Förster, Alfred",,,,,1,,,,,,,
DDR,"Franke, Gerhard",,1,1,1,,,,,,,,
DDR,"Franz, Dieter",1,1,1,,1,,,,,,,
DDR,"Frietzsche, Erich",,,1,,,,,,,,,
DDR,"Fritsch, Rolf",,1,,,,,,,,,,
DDR,"Fröhlich, Werner",,,1,,,,,,,,,
DDR,"Fuchs, Joachim",,,,1,1,,,,,,,
DDR,"Fuchs, Karl-Albert",1,1,1,1,1,,,,,,,
DDR,"Funke, Rainer",,,,1,1,,,,,,,
DDR,"Funkat, Walter",1,,1,,,,,,,,,
DDR,"Gampe, Hiltrud",1,,,,,,,,,,,
DDR,"Gaube, Andrea",,,,1,,,,,,,,
DDR,"Geisler, Reinhard",,,,1,1,,,,,,,
DDR,"Geisler, Wolfgang",1,,,,1,,,,,,,
DDR,"Gelbricht, Klaus-Jürgen",,,,1,,,,,,,,
DDR,"Gerhard, Max",,1,,,,,,,,,,
DDR,"Geyer, Bernhard",,,1,,,,,,,,,
DDR,"Geyer, Katrin",,,,,1,,,,,,,
DDR,"Gersonde, Petra",,,,,1,,,,,,,
DDR,"Gibbels, Gert",,,1,1,,,,,,,,
DDR,"Glißmeyer, Hans",,1,1,1,1,,,,,,,
DDR,"Götze, Hans",,,,1,,,,,,,,
DDR,"Grabowski, Horst",,,,1,,,,,,,,
DDR,"Graffunder, Heinz",,,1,,,,,,,,,
DDR,"Greiner, Johann",,,,1,,,,,,,,
DDR,"Griebel, Kurt",,,1,,,,,,,,,
DDR,"Griebel, Nikolaus",,1,1,1,1,,,,,,,
DDR,"Groer, Sieghard",,,,,1,,,,,,,
DDR,"Groh, Rainer",,,,1,,,,,,,,
DDR,"Grönwald, Bernd",1,1,1,1,1,,,,,,,
DDR,"Grönwald, Marlies",,1,1,1,1,,,,,,,
DDR,"Groß, Peter",,,1,1,1,,,,,,,
DDR,"Groschupf, ?",1,,,,,,,,,,,
DDR,"Grund, Iris",,,,,1,,,,,,,
DDR,"Grüning, Michael",,,,,1,,,,,,,
DDR,"Grzesiak, Angela",,,,1,,,,,,,,
DDR,"Gülzow, Ernst",,,1,,1,,,,,,,
DDR,"Günther, Gerold",,,,,1,,,,,,,
DDR,"Gutzer, Silke",,,1,1,,,,,,,,
DDR,"Gutjahr, Roland",,,1,,,,,,,,,
DDR,"Hähle, Wolfgang",,1,1,,,,,,,,,
DDR,"Härter, Joachim",,,1,1,1,,,,,,,
DDR,"Hahn, Horst",,,,,1,,,,,,,
DDR/D,"Hain, Simone",,1,1,1,,1,,,,,,
DDR,"Hannemann, Christine",,,,,1,,,,,,,
DDR,"Harksen, Hans",1,1,,,,,,,,,,
DDR,"Hartmann, Gerlinde",,,,1,1,,,,,,,
DDR,"Hartzsch, Günter",,,,1,,,,,,,,
DDR,"Harwardt, Heinz",,,1,1,1,,,,,,,
DDR,"Hauschild, Thea",1,,,,,,,,,,,
DDR,"Hausdorf, Siegfried",,1,1,,,,,,,,,
DDR,"Hecht, Alfred",,,1,1,1,,,,,,,
DDR,"Heidenreich, Gotthard",,,,,1,,,,,,,
DDR,"Heinemann, Horst",,,1,1,,,,,,,,
DDR,"Heister, E.",1,,,,,,,,,,,
DDR,"Hemmann, Regina",,,,1,,,,,,,,
DDR,"Hengst, Helmut",,,1,,1,,,,,,,
DDR,"Henn, Ewald",,,1,1,1,,,,,,,
DDR,"Hennecke, Fritz",,1,,,,,,,,,,
DDR,"Herfurt, Renate",1,,,,,,,,,,,
DDR,"Herfurth, Günter",,1,,,,,,,,,,
DDR,"Herrmann, Henry",,,1,,,,,,,,,
DDR,"Heumann, Benny",,,1,,,,,,,,,
DDR,"Hillmann, Siegfried",,,,,1,,,,,,,
DDR,"Hirdina, Heinz",1,1,1,1,1,,,,,,,
DDR,"Hirdina, Karin",1,1,1,1,1,,,,,,,
DDR,"Hirstowski, S.",1,,,,,,,,,,,
DDR,"Hoffmann, Alfred",1,1,,1,1,,,,,,,
DDR?,"Hoffmann, Helga",,1,,,,,,,,,,
DDR,"Hofmann, Angela",,,,1,,,,,,,,
DDR,"Höhne, Günter",,,,1,,,,,,,,
DDR,"Holle, Jürgen",,,1,1,,,,,,,,
DDR,"Honigmann-Zinserling, L.",1,1,1,,,,,,,,,
DDR,"Horn, Rudolf",1,,,,,,,,,,,
DDR,"Horn, Ursula",,1,,,,,,,,,,
DDR,"Hubrich, Hannes",,,1,1,1,,,,,,,
DDR,"Hugk, Ulrich",,,,1,1,,,,,,,
DDR,"Hunger, Berndt",,,,1,1,,,,,,,
DDR,"Hüter, Karl-Heinz",1,,,,,,,,,,,
DDR,"Hutschenreuther, Günter",,1,1,1,1,,,,,,,
DDR,"Iffland, Inge",,1,,,,,,,,,,
DDR,"Irmer, ?",,1,,,,,,,,,,
DDR,"Ismer, Bernhard",,,,,1,,,,,,,
DDR,"Jablonowski, Ulla",,,,1,,,,,,,,
DDR,"Jakobson, Hans-Peter",,,,1,1,,,,,,,
DDR,"Jamaikina, Jelena",1,,1,1,1,,,,,,,
DDR,"Janda, Annegret",1,,,,,,,,,,,
DDR,"John, Erich",,,,1,1,,,,,,,
DDR,"Joswig, Wolfgang",,1,1,1,1,,,,,,,
DDR,"Juckel, Cosima",1,,,,,,,,,,,
DDR,"Juckel, Lothar",,,1,,,,,,,,,
DDR,"Jung, Paul",1,1,,1,1,,,,,,,
DDR,"Jungblut, A.",1,,,,,,,,,,,
DDR,"Junghanns, Kurt",1,1,1,1,1,,,,,,,
DDR,"Junghanns, Lothar",,,1,,1,,,,,,,
DDR,"Jungnickel, Monika",,,,1,,,,,,,,
DDR,"Kabus, Günther",,,,,1,,,,,,,
DDR,"Kahl, Alice",,,,,1,,,,,,,
DDR,"Kanow, Ernst",1,1,1,1,1,,,,,,,
DDR,"Katzig, Hans-Jürgen",,,,,1,,,,,,,
DDR,"Kästner, Andreas",,,,1,,,,,,,,
DDR,"Kästner, Veit",,,,,1,,,,,,,
DDR,"Kegler, Harald",,,,,1,,,,,,,
DDR,"Keler, Peter",,1,,,,,,,,,,
DDR,"Kelm, Martin",1,,,1,1,,,,,,,
DDR,"Kind, Gerold",,,,1,1,,,,,,,
DDR,"Kirchner, Franz",,1,,,,,,,,,,
DDR,"Kirsch, Anne",,,,,1,,,,,,,
DDR,"Kirsch, Hanspeter",,,1,1,,,,,,,,
DDR,"Kirsch, Karin",,,1,,,,,,,,,
DDR,"Kirschner, Gunter",,1,,,1,,,,,,,
DDR,"Klingenburg, Karl-Heinz",,,,1,,,,,,,,
DDR,"Klingenburg, Erika",,,,1,,,,,,,,
DDR,"Klopfeisch, Sabine",,,,,1,,,,,,,
DDR,"Kluge, Reiner",,,,1,1,,,,,,,
DDR,"Klügel, Siegfried",,,1,1,,,,,,,,
DDR,"Klumpp, Hermann",,1,,,,,,,,,,
DDR,"Knobloch, Günter",,,,,1,,,,,,,
DDR,"König, Ina",,,1,,,,,,,,,
DDR,"König, Wolfgang",,,1,1,,,,,,,,
DDR,"Köster, Heinz",1,1,1,1,1,,,,,,,
DDR,"Korn, Roland",,,1,,,,,,,,,
DDR,"Korrek, Gabriele",,,1,1,1,,,,,,,
DDR/D,"Korrek, Norbert",,,1,1,1,1,,,,1,,
DDR,"Kraft, Ulrich",,,,,1,,,,,,,
DDR,"Krämer, Reinhold",,,,1,1,,,,,,,
DDR,"Kranz, Reinhard",,,,1,1,,,,,,,
DDR,"Krause, Carl",,,,1,1,,,,,,,
DDR,"Krause, Dieter",,1,1,,,,,,,,,
DDR,"Krause, Dorothea",,,,1,,,,,,,,
DDR,"Krause, Stefan",,,,1,,,,,,,,
DDR,"Krauß, Matthias",,,,,1,,,,,,,
DDR,"Krauß, Rainer",,,,1,1,,,,,,,
DDR,"Krauße, Joachim",,,,1,,,,,,,,
DDR,"Kremtz, Ullrich",,,,1,1,,,,,,,
DDR,"Krettek, Reiner",,,,1,,,,,,,,
DDR,"Kretzschmar, Horst",,1,1,1,1,,,,,,,
DDR,"Krey, Inge",,,,,1,,,,,,,
DDR,"Kristen, Heide-Rose",,,,,1,,,,,,,
DDR,"Kubsch, Werner",1,1,,,,,,,,,,
DDR,"Kuhlney, A.",,1,,,,,,,,,,
DDR,"Kühne, Lothar",,,1,1,,,,,,,,
DDR,"Kühne, Martin",,,,,1,,,,,,,
DDR,"Kühne, Sabine",,,,1,,,,,,,,
DDR,"Kündiger, Barbara",,,,1,,,,,,,,
DDR,"Künzel, Ebelhard",,,1,1,1,,,,,,,
DDR,"Kuhn, Rolf",,,1,1,1,,,,,,,
DDR,"Kutschke, Christine",1,1,1,1,,,,,,,,
DDR,"Kutschmar, Aribert",,,1,1,1,,,,,,,
DDR,"Küttner, Ludwig",1,1,,,,,,,,,,
DDR,"Lack, Hellfried",,,1,,,,,,,,,
DDR,"Laczny, Ursula",,,,1,,,,,,,,
DDR,"Lahnert, Hans",1,1,1,1,1,,,,,,,
DDR,"Lammert, Ule",1,,,,,,,,,,,
DDR,"Lander, Karl-Heinz",,,,,1,,,,,,,
DDR,"Lange, Bärbel",,,,1,1,,,,,,,
DDR,"Lange, Hans",,,,,1,,,,,,,
DDR,"Lasch, Rolf",,,,1,,,,,,,,
DDR/D,"Laudel, Heidrun",,,1,1,,1,,,,,,
DDR,"Lehmann, Günther",,,,1,,,,,,,,
DDR,"Lehninger, Manfred",,,,1,,,,,,,,
DDR,"Lembcke, Kurt",,,1,1,1,,,,,,,
DDR,"Leucht, Friedrich",,,,,1,,,,,,,
DDR,"Letsch, H.",1,1,,,,,,,,,,
DDR,"Limberg, Jörg",,,1,1,1,,,,,,,
DDR/D,"Lindner, Gerhard",,,,1,,1,,,,,,
DDR,"Lindner, Heidrun",1,,,,,,,,,,,
DDR,"Lindner, Lothar",,,,,1,,,,,,,
DDR,"Lindner, Norbert",,,,,,,,,,,,
DDR,"Loude, Horet",,1,,,,,,,,,,
DDR,"Luckner, Peter",,,,,1,,,,,,,
DDR,"Luckner-Bien, Renate",,,,1,,,,,,,,
DDR,"Lüder, Dagmar",,,1,,1,,,,,,,
DDR,"Ludewig, Manfred",,,,1,,,,,,,,
DDR,"Machlitt, Ulla",1,1,,,,,,,,,,
DDR,"Marth, Erich",1,1,1,,,,,,,,,
DDR,"Matthes, Hubert",,1,1,,1,,,,,,,
DDR,"Matz, Volker",,,,,1,,,,,,,
DDR,"Matzke, Horst",,,1,1,1,,,,,,,
DDR,"Mauersberger, Lutz",,,,1,,,,,,,,
DDR,"Meinl, Kurt",,,1,,,,,,,,,
DDR,"Meißner, Jürgen",,1,,,,,,,,,,
DDR,"Meixner, Lutz",,,,1,1,,,,,,,
DDR,"Menz, Jochen",,,,1,1,,,,,,,
DDR,"Mertens, Hans-Norbert",,,,1,,,,,,,,
DDR,"Meter, Thomas",,,,,1,,,,,,,
DDR,"Meyer, Peter",,,,1,1,,,,,,,
DDR,"Michel, Horst",1,,1,,,,,,,,,
DDR,"Michel-Triller, Günter",1,,,,,,,,,,,
DDR,"Milde, Kurt",,,1,,,,,,,,,
DDR,"Mitsching, Werner",,,1,1,,,,,,,,
DDR/D,"Mönnig, Hans-Ulrich",,,,,1,1,,,,,,
DDR,"Mrusek, Hans-Joachim",1,,,,,,,,,,,
DDR,"Mühlemann, Mathis",,,,1,,,,,,,,
DDR,"Müller, Dieter",,,1,,,,,,,,,
DDR,"Müller, Elke",,1,,,,,,,,,,
DDR,"Müller, Ernst",1,1,,,,,,,,,,
DDR,"Müller, Ute",,,,,1,,,,,,,
DDR,"Musiolek, Annette",,,,,1,,,,,,,
DDR,"Musiolek, Berndt",,,,,1,,,,,,,
DDR,"Nerlich, Klaus",,,1,1,1,,,,,,,
DDR,"Nick, Harry",,,,,1,,,,,,,
DDR,"Nickel, Rainer",,,,1,,,,,,,,
DDR,"Nitsch, Walter",,,,1,1,,,,,,,
DDR,"Noack, Klaus-Peter",,,,,1,,,,,,,
DDR,"Nöther, Horst",,,,1,1,,,,,,,
DDR,"Oehlke, Horst",1,1,,1,1,,,,,,,
DDR,"Oette, Angelika",1,,,,,,,,,,,
DDR,"Olbrich, Harald",1,1,,,,,,,,,,
DDR,"Opitz, Georg",1,,,1,,,,,,,,
DDR,"Pach, Rainer",,,,1,,,,,,,,
DDR,"Pape, Ruth",1,,,,,,,,,,,
DDR,"Papke, Hans-Joachim",,,,,,,,,,,,
DDR,"Paul, Wolfgang",1,1,,1,1,,,,,,,
DDR,"Paulick, Richard",1,,,,,,,,,,,
DDR,"Petras, Hubert",,,,,1,,,,,,,
DDR,"Petruchat, Angelika",,,,,1,,,,,,,
DDR,"Petruschat, Jörg",,,,1,,,,,,,,
DDR,"Pfanne, Otto K.",,,,1,,,,,,,,
DDR,"Pfrogner, Ernst",,,1,,,,,,,,,
DDR,"Piechatzek, Wolfgang",,,,,1,,,,,,,
DDR,"Pietraß, Martin",,,,,1,,,,,,,
DDR,"Pietsch, Knut",,,,1,1,,,,,,,
DDR,"Pistorius, Elke",,,,1,1,,,,,,,
DDR,"Plahnert, Gerhard",1,1,1,1,1,,,,,,,
DDR,"Pletat, Gerhard",,,1,,,,,,,,,
DDR,"Pötzsch, Herbert",,,,,1,,,,,,,
DDR,"Preukschat, Hans-Joachim",,,,1,,,,,,,,
DDR,"Preuss, Ingrid",,,,,1,,,,,,,
DDR,"Primus, Karin",,,,,1,,,,,,,
DDR,"Probst, Hartmut",1,1,1,1,1,,,,,,,
DDR,"Probst, Ute",,1,1,1,1,,,,,,,
DDR,"Püschel, Konrad",1,1,1,1,1,,,,,,,
DDR,"Quießer, Manfred",,,,1,1,,,,,,,
DDR,"Rasche, Klaus",,,,,1,,,,,,,
DDR,"Rehn, Renate",,1,,,,,,,,,,
DDR,"Reichardt, Gretel",,1,,,,,,,,,,
DDR,"Reichardt, Margaretha",1,,1,,,,,,,,,
DDR,"Reimann, Gisela",,,,1,,,,,,,,
DDR,"Reiß, Herlind",,1,1,1,1,,,,,,,
DDR,"Reißland, Joachim",,,,1,,,,,,,,
DDR,"Reuther, Iris",,,1,1,1,,,,,,,
DDR,"Rhilinger, Hajo",,,,,1,,,,,,,
DDR,"Ricken, Herbert",1,1,1,1,1,,,,,,,
DDR,"Riemer, Kurt",,,1,1,,,,,,,,
DDR,"Rietdorf, Werner",,,1,1,1,,,,,,,
DDR,"Rietsch, Reiner",,,,,1,,,,,,,
DDR,"Röbert, Siegfried",,1,1,1,,,,,,,,
DDR,"Roch, Irene",1,1,,,,,,,,,,
DDR,"Röckert, Helmut",,1,1,,,,,,,,,
DDR,"Röder, ?",1,,,,,,,,,,,
DDR,"Roitzsch, Helmut",,,,,1,,,,,,,
DDR,"Rössger, Wolf",,1,1,1,,,,,,,,
DDR,"Rommeiß, Gisela",,,,1,,,,,,,,
DDR,"Rose, Hans-Joachim",1,1,1,,,,,,,,,
DDR,"Roßig, Waltraud",,,1,,,,,,,,,
DDR,"Rößger, Wolfgang",1,,,,,,,,,,,
DDR,"Rüdiger, Ulrike",,,,,1,,,,,,,
DDR,"Rudolf, Bernd",,,1,1,1,,,,,,,
DDR,"Rudolf, Sylvelin",,,,,1,,,,,,,
DDR,"Rudowsky, Gottfried",,,,1,,,,,,,,
DDR,"Salzmann, Dieter",,,,1,1,,,,,,,
DDR,"Schädlich, Christian",1,1,1,1,1,,,,,,,
DDR,"Schettler, Anke",,,,,1,,,,,,,
DDR,"Schiefelbein, Hubert",1,1,1,,,,,,,,,
DDR,"Schikora, Siegfried",,,,1,,,,,,,,
DDR,"Schild, Johannes",1,1,1,,1,,,,,,,
DDR,"Schilling, Christiane",,,1,1,,,,,,,,
DDR,"Schinke, Ralf",,,,,1,,,,,,,
DDR,"Schirmer, Wolfgang",1,1,,,,,,,,,,
DDR,"Schleichert, Karl",,,1,1,,,,,,,,
DDR,"Schleiermacher, Birgit",,,,1,,,,,,,,
DDR,"Schmähling, Manfred",,1,,,,,,,,,,
DDR,"Schmidt, Dagmar",,,,1,,,,,,,,
DDR,"Schmidt, Diether",,1,1,,,,,,,,,
DDR,"Schmidt, Hans-Peter",,,,1,,,,,,,,
DDR,"Schmidt, Karl",,,1,1,,,,,,,,
DDR,"Schmidt, Reinhard",,,,,1,,,,,,,
DDR,"Schmidt, Wolfgang",1,,,1,,,,,,,,
DDR,"Schmidtmann, Uwe",,,1,,,,,,,,,
DDR,"Schmutzler, Wolfgang",,,1,1,1,,,,,,,
DDR,"Schneide, Horst",,,,,1,,,,,,,
DDR,"Schneider, Lutz",,,,1,,,,,,,,
DDR,"Schöbe, Lutz",,,,1,1,,,,,,,
DDR,"Schoder, Hans",,1,1,,,,,,,,,
DDR,"Scholz, Hubert",,,1,1,1,,,,,,,
DDR,"Schönemann, Heinz",,1,,,,,,,,,,
DDR,"Schubert, ?",,1,,,,,,,,,,
DDR,"Schulz, Hans-Peter",,1,1,1,1,,,,,,,
DDR,"Schulz, Gisela",,,1,1,1,,,,,,,
DDR,"Schulz, Joachim",,1,1,1,1,,,,,,,
DDR,"Schulz, Klaus-Dieter",,,,,1,,,,,,,
DDR,"Schulze, Helmut",1,,,,,,,,,,,
DDR,"Schulze, Ingrid",1,1,1,1,,,,,,,,
DDR,"Schulze, Wilhelm",1,,,,,,,,,,,
DDR,"Schumann, Susanne",,1,,,,,,,,,,
DDR,"Schumann, Wolfgang",,,,,1,,,,,,,
DDR,"Schuster, Horst",,,,1,,,,,,,,
DDR,"Schwanitz, Irmgard",,,,1,,,,,,,,
DDR,"Schwarzbach, Heinz",,,1,1,1,,,,,,,
DDR,"Seidel, Gottfried",,,1,1,,,,,,,,
DDR,"Seifert, Joachim",1,,,,,,,,,,,
DDR,"Selengk, Johanna",,,,,1,,,,,,,
DDR,"Selmanagic, Emira",,,1,,,,,,,,,
DDR,"Selmanagic, Selman",1,1,1,,,,,,,,,
DDR,"Senf, Peter",,,,,1,,,,,,,
DDR,"Seyfert, Wolfram",,,,,1,,,,,,,
DDR,"Siebenbrot, Michael",1,1,1,1,1,,,,,,,
DDR,"Sieber, Klaus",,,,,1,,,,,,,
DDR,"Sieg, Elard",,,,,1,,,,,,,
DDR,"Siegel, Horst",,,1,1,1,,,,,,,
DDR,"Simon, Erhardt",,,1,1,,,,,,,,
DDR,"Skerl, Joachim",1,1,1,1,,,,,,,,
DDR,"Sommerer, Andreas",,,,,1,,,,,,,
DDR,"Sorger, Klaus",,,,1,,,,,,,,
DDR/D,"Stahr, Joachim",1,1,1,1,1,1,,,,,,
DDR,"Staufenbiel, Fred",1,1,1,1,1,,,,,,,
DDR,"Staufenbiel, Ursula",,1,,,,,,,,,,
DDR,"Stehle, Peter",,,,,1,,,,,,,
DDR,"Steinert, Ursula",,,,1,1,,,,,,,
DDR,"Stelzer, Helmut",,,,1,,,,,,,,
DDR,"Stenke, Gudrun",1,,1,1,1,,,,,,,
DDR,"Strahl, Fritz",,1,,,,,,,,,,
DDR,"Straßenmeier, Werner",,,,1,1,,,,,,,
DDR,"Strauss, Gerhard",1,,,,,,,,,,,
DDR,"Streitparth, Jörg",,,1,,,,,,,,,
DDR,"Sturm, Albrecht",,,,,1,,,,,,,
DDR,"Suckow, Michael",,,,,1,,,,,,,
DDR,"Täger, Fritz",,,,1,1,,,,,,,
DDR,"Tauro, Christiane",,,1,,,,,,,,,
DDR,"Teufel, Manfred",,,1,1,1,,,,,,,
DDR,"Thierbach, Tamara",,1,,,,,,,,,,
DDR,"Thomann, Klaus",,,,,1,,,,,,,
DDR,"Thöner, Wolfgang",,,,,1,,,,,,,
DDR,"Thurn, Joachim",,,1,,,,,,,,,
DDR,"Tille, Dagmar",,,,1,,,,,,,,
DDR,"Titze, ?",1,,,,,,,,,,,
DDR,"Topfstedt, Thomas",,,,,1,,,,,,,
DDR,"Trauzettel, Helmut",,1,1,1,,,,,,,,
DDR,"Ullrich, Gunter",,,1,,,,,,,,,
DDR,"Unbehau, Hans",1,1,1,1,,,,,,,,
DDR,"Vogel, Gerhard",1,,,,,,,,,,,
DDR,"Vogler, Angelika",,,,,1,,,,,,,
DDR,"Vogler, Sebastian",1,,,,,,,,,,,
DDR,"Voigt, Eberhard",,,1,,,,,,,,,
DDR,"Voigt, Simone",,,,,1,,,,,,,
DDR,"Wagner, R.",,,,1,,,,,,,,
DDR,"Wahl, Volker",,1,1,,,,,,,,,
DDR,"Walter, Norbert",,,,,1,,,,,,,
DDR,"Wartewig-Hörning, Jutta",1,,1,1,1,,,,,,,
DDR/D,"Weber, Olaf",,,1,1,1,,1,,,,,
DDR,"Weidemüller, Dagmar",,,1,1,,,,,,,,
DDR,"Weigel, Wolfgang",,,,,1,,,,,,,
DDR,"Weise, Rudolf",1,1,1,1,,,,,,,,
DDR,"Weiss, Werner",,,,1,,,,,,,,
DDR,"Weiß, Stefan",,,,,1,,,,,,,
DDR,"Welsch, Karl-Heinz",,,,,1,,,,,,,
DDR,"Wendisch, Karlheinz",,,,1,1,,,,,,,
DDR,"Wendt, Jürgen",,,,1,1,,,,,,,
DDR,"Wendt, Sabine",,,,1,1,,,,,,,
DDR,"Wenzel, Dana",,,,1,,,,,,,,
DDR,"Werner, Dietrich",,1,1,1,,,,,,,,
DDR,"Wetzel, Helga",,,,1,,,,,,,,
DDR,"Wiesmann, Stefan",,,,,1,,,,,,,
DDR,"Wilde, Kurt",,1,1,,,,,,,,,
DDR,"Wimmer, Martin",,,,1,1,,,,,,,
DDR,"Winkelmann, Dietmar",,,,,1,,,,,,,
DDR/D,"Winkler, Klaus-Jürgen",1,1,1,1,1,1,,,,,,
DDR/D,"Wirth, Hermann",1,1,1,1,1,1,1,,,,,
DDR,"Wittenberg, Thomas",,,,1,1,,,,,,,
DDR,"Wittwer, Bernhard",,,,1,1,,,,,,,
DDR,"Wohak, Eva",,1,1,1,,,,,,,,
DDR,"Wölffling, Siegfried",1,1,1,,,,,,,,,
DDR,"Worreschk, Reinhard",,,,,1,,,,,,,
DDR,"Worschetsch, Klaus",,,,1,,,,,,,,
DDR,"Zabel, Ingeborg",,,,,1,,,,,,,
DDR,"Zaglmaier, Harald",1,,,1,1,,,,,,,
DDR,"Zahrend, Rainer",,,,,1,,,,,,,
DDR,"Zechendorf, Klaus",,,1,1,1,,,,,,,
DDR,"Zimmermann, Birgit",,,1,1,1,,,,,,,
DDR/D,"Zimmermann, Gerd",,,1,1,1,1,1,1,1,1,1,
DDR,"Ziska, Jochen",,,,1,1,,,,,,,
DDR,"Zoels, Siegfried",,,1,1,1,,,,,,,
DDR,"Zrost, Sibylle",,1,1,1,,,,,,,,
Deutschland,"Althaus, Dieter",,,,,,,,,,,1,
Deutschland,"Ammon, Sabine",,,,,,,,,,,1,
Deutschland,"Bartels, Olaf",,,,,,1,1,,,,,
Deutschland,"Barth, Holger",,,,,,1,,,,,,
Deutschland,"Bauer, Klaus-Jürgen",,,,,,,1,,,,,
Deutschland,"Bergande, Wolfram",,,,,,,,,,,,1
Deutschland,"Bering, Kunibert",,,,,,1,,,,,,
Deutschland,"Beucke, Karl",,,,,,,,,,,,1
Deutschland,"Böhm, Wolfgang",,,,,,,1,,,,,
Deutschland,"Bottger, Till",,,,,,,,,,1,,
Deutschland,"Brans, Werner",,,,,,1,,,,,,
Deutschland,"Brasil, Daniela",,,,,,,,,,,1,
Deutschland,"Brauerhoch, Frank-Olaf",,,,,,1,,,,,,
Deutschland,"Bredella, Nathalie",,,,,,,,,,1,1,
Deutschland,"Cleven, Esther",,,,,,,,,,,,1
Deutschland,"Colini, Laura",,,,,,,,,,,1,
Deutschland,"Dähne, Chris",,,,,,,,,,1,,1
Deutschland,"de Bruyn, Gerd",,,,,,,,,,1,,
Deutschland,"de Rudder, Steffen",,,,,,,,,,,1,
Deutschland,"Degner, Andreas",,,,,,,,,,,,1
Deutschland,"Detjen, Alice",,,,,,,,,,,,1
Deutschland,"Doehler, Martta",,,,,,1,1,,,,,
Deutschland,"Drewelow, Michael",,,,,,1,,,,,,
Deutschland,"Durth, Werner",,,,,,1,,,,,,
Deutschland,"Düwel, Jörn",,,,,,1,,,,,,
Deutschland,"Ebert, Carola",,,,,,,,,1,,,
Deutschland,"Eckardt, Frank",,,,,,,,,,1,1,
Deutschland,"Engell, Lorenz",,,,,,,1,,,,,
Deutschland,"Fahle, Oliver",,,,,,,,,,1,,
Deutschland,"Faschingeder, Kristian",,,,,,,,,,,1,
Deutschland,"Feduchi, Luis",,,,,,,,,,,1,
Deutschland,"Förster, Simone",,,,,,,,,1,,,
Deutschland,"Franke, Ingmar S.",,,,,,,,,,1,,
Deutschland,"Froschauer, Eva Maria",,,,,,,,,,1,,
Deutschland,"Führ, Eduard",,,,,,,,,,1,,
Deutschland,"Gleiter, Jörg H.",,,,,,,1,,,1,,
Deutschland,"Grau, Oliver",,,,,,,,,1,,,
Deutschland,"Günzel, Stephan",,,,,,,,,,1,,
Deutschland,"Hanke, Hans H.",,,,,,1,,,,,,
Deutschland,"Hassenewert, Frank",,,,,,,1,,,,,
Deutschland,"Hassenpflug, Dieter",,,,,,,1,1,,,,
Deutschland,"Hauser, Susanne",,,,,,,,,,,,1
Deutschland,"Havelka, Zdenek",,,,,,,1,,,,,
Deutschland,"Helbrecht, Ilse",,,,,,1,,,,,,
Deutschland,"Hellberg, Lennart",,,,,,1,,,,,,
Deutschland,"Hennig, Ralf",,,,,,,,,,,1,
Deutschland,"Herding, Klaus",,,,,,,,,1,,,
Deutschland,"Hering, Stephanie",,,,,,,,,,1,,
Deutschland,"Hoekstra, Rixt",,,,,,,,,,,1,1
Deutschland,"Hoepner, Felix",,,,,,,,,,,,1
Deutschland,"Hoormann, Anne",,,,,,,1,,,,,
Deutschland,"Huber, Joachim",,,,,,,1,,,,1,
Deutschland,"Hupfer, Peter",,,,,,,1,,,,,
Deutschland,"Jachnow, Alexander",,,,,,,,,,1,,
Deutschland,"Jaeggi, Annemarie",,,,,,,,,,1,,
D/Österreich,"Jormakka, Kari",,,,,,,1,,1,1,1,
D/Italien,"Jung, Wolfgang",,,,,,,1,,,,,
Deutschland,"Kleine, Holger",,,,,,,1,,,,,
Deutschland,"Kosel, Gerhard",,,,,,,1,,,,,
Deutschland,"Kreibich, Rolf",,,,,,,1,,,,,
Deutschland,"Kreis, Barbara",,,,,,1,,,,,,
Deutschland,"Krieger, Peter",,,,,,,1,,,,,
Deutschland,"Kuhlmann, Dörte",,,,,,,1,,,,,
Deutschland,"Leibinger, Regine",,,,,,,1,,,,,
Deutschland,"Leitner, Birgit Maria",,,,,,,,,,1,,
Deutschland,"Lieberman, Orie",,,,,,,1,,,,,
Deutschland,"Lippert Vieira, Sandra",,,,,,,,,,,1,
Deutschland,"Mahall, Mona",,,,,,,,,,1,,
Deutschland,"Meier, Hans-Rudolf",,,,,,,,,,,1,
Deutschland,"Morris, Leslie",,,,,,,,,1,,,
Deutschland,"Müller, Michael",,,,,,1,,,,,,
Deutschland,"Noell, Mathias",,,,,,,,,,,,1
Deutschland,"Oetsch, Silke",,,,,,,,,,,1,
Deutschland,"Orawiec, Ina-Marie",,,,,,,1,,,,,
Deutschland,"Paetzold, Heinz",,,,,,,,1,,,,
Deutschland,"Pehnt, Wolfgang",,,,,,,,,,,1,
Deutschland,"Peschken, Martin",,,,,,,,,,,1,
Deutschland,"Pfeifer, Olaf",,,,,,,,,,,1,
Deutschland,"Philipp, Klaus Jan",,,,,,,,,,1,,
Deutschland,"Pisani, Salvatore",,,,,,,,,,,,1
Deutschland,"Prange, Regine",,,,,,,,,,,,1
Deutschland,"Pratschke, Margarete",,,,,,,,,,1,,
Deutschland,"Rabe, Mark",,,,,,,,,,,,1
Deutschland,"Rebentisch, Juliane",,,,,,,,,,,,1
Deutschland,"Richter, Katharina",,,,,,,,,,1,1,
Deutschland,"Rössler, Otto E.",,,,,,,1,,,,,
Deutschland,"Ruhl, Carsten",,,,,,,,,,,,1
Deutschland,"Sattler, Felix",,,,,,,,,,1,,
Deutschland,"Schäbitz, Sabine",,,,,,1,,,,,,
Deutschland,"Schmedding, Anne",,,,,,,,,,,1,
Deutschland,"Schmidt, Philippe",,,,,,,,,,,1,
Deutschland,"Schmuck, Felix",,,,,,,,,,,,1
Deutschland,"Schramke, Sandra",,,,,,,,,,1,,
Deutschland,"Schuldenfrei, Robin",,,,,,,,,,,,1
Deutschland,"Schürkamp, Bettina",,,,,,,,,,,1,
Deutschland,"Schweppenhäuser, Gerhard",,,,,,,1,,,,,
Deutschland,"Seel, Martin",,,,,,,,,,1,,
Deutschland,"Serbest, Asli",,,,,,,,,,1,,
Deutschland,"Siegert, Bernhard",,,,,,,,,1,,,
Deutschland,"Sierek, Karl",,,,,,,,,,1,,
Deutschland,"Springer, Sopfie",,,,,,,,,,,,1
Deutschland,"Stankievech, Charles",,,,,,,,,,,,1
Deutschland,"Steinert, Heinz",,,,,,,,1,,,,
Deutschland,"Stavagna, Michele",,,,,,,,,,1,1,
Deutschland,"Tillberg, Margareta",,,,,,,,,,1,,
Deutschland,"Topfstedt, Thomas",,,,,,1,,,,,,
Deutschland,"Tripodi, Lorenzo",,,,,,,,,,1,,
Deutschland,"Trüby, Stephan",,,,,,,,,,,1,
D/Österreich,"Uhl, Ottokar",,,,,,,1,,,,,
Deutschland,"Vogl, Joseph",,,,,,,,,1,,,
Deutschland,"Voigt, Wolfgang",,,,,,,1,,,,,
Deutschland,"von Beyme, Klaus",,,,,,1,,,,,,
Deutschland,"Weckherlin, Gernot",,,,,,,,,1,,,
Deutschland,"Weizmann, Ines",,,,,,,,,,,,1
Deutschland,"Welsch, Wolfgang",,,,,,,1,,,,,
Deutschland,"Werckmeister, Otto Karl",,,,,,,,,,,1,
Deutschland,"Werner, Frank R.",,,,,,,,,,1,,
Deutschland,"Wiesemann, Gabriele",,,,,,1,,,,,,
Deutschland,"Wiesling, Lambert",,,,,,,,,,1,,
Deutschland,"Wyss, Beat",,,,,,,,,1,,,
Deutschland,"Zierold, Sabine",,,,,,,,,1,1,,
Deutschland,"Zinsmeister, Annett",,,,,,,,,1,,,
Finnland,"Annila, Markku",,1,,,,,,,,,,
Finnland,"Eskola, Pirkko",,,1,,,,,,,,,
Finnland,"Hurme, Taru",,,,,1,,,,,,,
Finnland,"Maula, Marna",,,1,,,,,,,,,
Finnland,"Maula, Jere",,,1,,,,,,,,,
Finnland,"Salokorpi, Asko",,,1,,,,,,,,,
Finnland,"Sarje, Kimmo",,,,,,,1,,,,,
Finnland,"Siikanen, Unto",,,,,1,,,,,,,
Finnland,"Solla, Pertti",,,1,1,,,,,,,,
Finnland,"Teittinen, Jouni",,,,,1,,,,,,,
Frankreich,"Allers, Monika",,,1,,,,,,,,,
Frankreich,"Clavei, Sylvie",,,,,1,,,,,,,
Frankreich,"Cohen, Jean-Louis",,,1,1,,,,,,,,
Frankreich,"de Smet, Catherine",,,,,,,,,1,,,
Frankreich,"Gallo, Emmanuelle",,,,1,1,,,,,,,
Frankreich,"Kopp, Anatol",,1,,1,1,,,,,,,
Frankreich,"Leppien, Jean",,,,,,,,,,,,
Frankreich,"Loeilett, Anne-Marie",,,,,1,,,,,,,
Frankreich,"Raymond, Anne Claire",,,,,1,,,,,,,
Frankreich,"Schnaidt, Claude",1,1,1,1,1,,,,,,,
Frankreich/BRD,"Tochtermann, Rolf",,1,,,,,,,,,,
Frankreich,"Vitale, Elodie",,1,,,,,,,,,,
Griechenland,"Symeonidoi-Papadoupoulou, P.",,,,,1,,,,,,,
Großbritannien,"Amhoff, Tilo",,,,,,,,,,1,,
Großbritannien,"Barkow, Frank",,,,,,,1,,,,,
Großbritannien,"Clarke, Linda",,,,,1,,,,,,,
Großbritannien,"Forty, Adrian",,,,,,,,,1,,,
Großbritannien,"Goodbun, Jon",,,,,,,,,1,,,
Großbritannien,"Hanna, John",,,1,1,1,,,,,,,
Großbritannien,"Hillier, Bill",,,,,,,,,,,1,
Großbritannien,"Kochan, Benjamin",,,,,1,,,,,,,
Großbritannien,"Rendell, Jane",,,,,,,,,,,1,
Großbritannien,"Schneider, Tatjana",,,,,,,,,,,1,
Großbritannien,"Stoppani, Teresa",,,,,,,,,1,,,
Großbritannien,"Watson, Victoria",,,,,,,,,1,,,
Großbritannien,"Wray, Tim",,,,,,,,,1,,,
Großbritannien,"Yaneva, Albena",,,,,,,,,,1,,
Hong Kong,"Bolchover, Joshua",,,,,,,,,,,1,
Hong Kong,"Homsi, Eymen",,,,,,,,,,,1,
Hong Kong,"Lin, John",,,,,,,,,,,1,
Indien,"Sundaram, Ravi",,,,,,,,1,,,,
Irland,"James-Chakraborty, Kathleen",,,,,,,,,,,,1
Italien,"Aniceto, Ippatio Vito",,,,,1,,,,,,,
Italien,"Aymenino, Carlo",,1,,,,,,,,,,
Italien,"Baltzer, Nanni",,,,,,,,,1,,,
Italien,"Berlanda, Francesco",,,,,1,,,,,,,
Italien,"Dal Co, Francesco",1,1,,,,,,,,,,
Italien,"De Michelis, Marco",1,1,1,1,1,,,1,,1,,
Italien,"Gregotti, Vittorio",,,,,,,,1,,,,
Italien,"Kohlmeyer, Agnes",,,,1,,,,,,,,
Italien,"Malcovati, Silvia",,,,,,,,,,,,1
Italien,"Maldonando, Tomás",,,,,,,,,,,1,
Italien,"Mosso, Laura",,,1,,,,,,,,,
Italien,"Mosso, Leonardo",,,1,,,,,,,,,
Italien,"Poggi, Paola M.",,,,,,,1,,,,,
Italien,"Riboldi, Sara",,,,,,,,,,,,1
Italien,"Scimemi, Maddalena",,,,,,,,,1,,,
Italien,"Semerani, Luciano",,,,,,,,,,,,
Italien,"Somma, Paola",,,,,1,,,,,,,
Italien,"Stella, Franko",,,1,,,,,,,,,
Italien,"Stabenow, Jörg",,,,,,,,,,1,,
Italien,"Tafuri, Manfredo",,1,,,,,,,,,,
Italien,"Torricelli, Charlotta",,,,,,,,,,,,1
Italien,"Veroni, ?",,,,,1,,,,,,,
Japan,"Araiwa, Takaaki",,,,,1,,,,,,,
Japan,"Karatani, Kojin",,,,,,,,,1,,,
Japan,"Ishiyama, Osamu",,,,,,,,,,1,,
Japan,"Isozaki, Arata",,,,,,,,,,1,,
Japan,"Ito, Toyo M.A.",,,,,,,1,,,,,
Japan,"Maki, Fumihiko",,,,,,,1,,,,,
Japan,"Morikawa, Kachiro",,,,,,,,,,1,,
Japan,"Wadweka, Anand Jayant",,,,,,,,,,,1,
Japan,"Yatsuka, Hajime",,,,,,,,1,,,,
Jugoslawien,"Koscevic, Zelimir",,,,1,,,,,,,,
Kanada (Fr),"Carpo, Mario",,,,,,,,,1,1,,
Kanada,"de Kerckhove, Kerrick",,,,,,,,,,1,,
Kanada,"Spanihel, Siglinde",,,1,,,,,,,,,
Kapverden,"Lopes, Pedro",,,,1,,,,,,,,
Kuba,"Espin Guillois, Iván",,,,1,,,,,,,,
Kuba,"Guiterrez, Tania",,,,,1,,,,,,,
Kuba,"López de León, Elmer",,,1,,,,,,,,,
Luxemburg,"Weber, Joseph",,,,,1,,,,,,,
Malaysia,"Shu-Yeng Chung, Simone",,,,,,,,,1,,,
Mosambik,"Quadros, Carlos",,,1,,,,,,,,,
Neuseeland,"Danielmeier, Tobias",,,,,,,,,,,1,
Niederlande,"Bos, Caroline",,,,,,,,,,,,1
Niederlande,"Brodrück, Ralph",,,,,,,,,,,1,
Niederlande,"de Roode, Ingeborg",,,,1,1,1,,,,,,
Niederlande,"Graafland, Arie D.",,,,,,,1,,1,1,,
Niederlande,"Hauptmann, Deborah",,,,,,,,,1,,,
Niederlande,"Kavanaugh, Leslie",,,,,,,,,,1,1,
Niederlande,"Kras, Reyer Jan",,,,1,1,,,,,,,
Niederlande,"Mota, Nelson",,,,,,,,,,,,1
Niederlande,"Schrijver, Lara",,,,,,,,,,,1,
Niederlande,"Tzonis, Alexander",,,,,,,,,,1,,
Niederlande,"van Toorn, Roemer",,,,,,,,,,1,,
Norwegien,"Volle, Wench",,,,,,,,,,,,1
Oman,"Mandour, M. Alaa",,,,,,,,,,,1,
Österreich,"Böck, Ingrid",,,,,,,,,,1,1,
Österreich,"Czech, Hermann",,,,,,,,,,,1,
Österreich,"Ginelli, Anatol",,,1,,,,,,,,,
Österreich,"Haiko, Peter",,,1,,,,,,,,,
Österreich,"Hoffmann, Hubert",,,1,1,1,,,,,,,
Österreich,"Köb, Roland",,,,,,,1,,,,,
Österreich,"Krasny, Elke",,,,,,,1,,,,,
Österreich,"Lefaivre, Liane",,,,,,,,,,1,,
Österreich,"Mang, Karl",,,,,1,,,,,,,
Österreich,"Pollak, Sabine",,,,,,,1,,,,,
Österreich,"Quiroga, Grace",,,,,,,,,,,1,
Österreich,"Rapp, Christian",,,,,,,1,,,,,
Österreich,"Reissberger, M.",,,1,,,,,,,,,
Österreich,"Schütte-Lihotzky, M.",,,,1,,,,,,,,
Österreich,"Schwarz, Ullrich",,,,,,,,,,1,,
Österreich,"Sommer, Degenhard",,,,,1,,,,,,,
Österreich,"Stöcklmayr, Nicole",,,,,,,,,,,1,
Österreich,"Weber, Fritz",,,1,,,,,,,,,
Österreich,"Wilhelm, Karin",,,,,,1,1,,,,1,
Polen,"Galkowski, Andrzej",,,,,1,,,,,,,
Polen,"Goldzamt, Edmund",1,1,1,1,1,,,,,,,
Polen,"Grabowska-Paletcka, Hanna",,,,,,1,,,,,,
Polen,"Gunaris, Zofia",,,1,,,,,,,,,
Polen,"Lisowski, Bohdan",,,1,1,,,,,,,,
Polen,"Maszkiewicz, Tadeusz",,1,1,1,1,,,,,,,
Polen,"Mieszkowski, Zygmunt",,,,1,,,,,,,,
Polen,"Niemczyk, Ernest",,,,1,,,,,,,,
Polen,"Nowakowski, Maciej",,,,,1,,,,,,,
Polen,"Podolak, Slavomir",,,,,1,,,,,,,
Polen,"Trautsolt-Kleyff, Krystyna",,,,1,,,,,,,,
Polen,"Syrkus, Helena",,1,,,,,,,,,,
Polen,"Zemla, Stefan",,,,,1,,,,,,,
Schottland,"Tseng, Ching-Pin",,,,,,,,,,1,,
Schottland,"Islami, S. Yahya",,,,,,,,,,1,,
Schweden,"Björkman, Bengt",,,,,1,,,,,,,
Schweden,"Gräff, Erwin",,,,,1,,,,,,,
Schweden,"Mattsson, Ursel",,,,,1,,,,,,,
Schweiz,"Aniceto-Meyer, Liselotte",,,,,1,,,,,,,
Schweiz,"Bill, Max",1,,1,,1,,,,,,,
Schweiz,"Corboz, André",,,1,,,,,,,,,
Schweiz,"Frei, Hans",,,,,1,,,,,,,
Schweiz,"Gubler, Jacques",,,,,1,,,,,,,
Schweiz,"Heidt, Katrin",,,,,,,,,1,,,
Schweiz,"Hofer, Stefan",,,,,1,,,,,,,
Schweiz,"Huber, Verena",,,,,1,,,,,,,
Schweiz,"Hug-Moholy-Nagy, Hattula",,,,,,,,,,,,
Schweiz,"Itten, Anneliese",,1,,,,,,,,,,
Schweiz,"Janser, Andres",,,,,,,,,1,,,
Schweiz,"Koch, Michael",,,,1,1,,,,,,,
Schweiz,"Kohler, Niklaus",,,,,1,,,,,,,
Schweiz,"Meyer, Claudine",,,,,1,,,,,,,
Schweiz,"Meyer-Bergner, Lena",,,,,,,,,,,,
Schweiz,"Molzahn, ?",,1,,,,,,,,,,
Schweiz,"Moravánsky, Ákos",,,,,,,,1,,,,1
Schweiz,"Mühlestein, Erwin",,,,,1,,,,,,,
Schweiz,"Schmied, Roger",,,,,1,,,,,,,
Schweiz,"Schmied, Ronald",,,,,1,,,,,,,
Schweiz,"Schützeichel, Rainer",,,,,,,,,,,,1
Schweiz,"Stadler-Stölzel, Gunta",,,,,,,,,,,,
Schweiz,"Suter, Ursula",,,,,1,,,,,,,
Schweiz,"Thomas, Angela",,,,,1,,,,,,,
Schweiz,"Ursprung, Philipp",,,,,,,,,,1,1,
Schweiz,"Vogt, Adolf Max",,,1,,,,,,,,,
Schweiz,"von Moos, Stanislaus",,,,,,,,1,1,,,
Schweiz,"Zuppinger, Urs",,,,,1,,,,,,,
Singapur,"Siew-Wai Lim, William",,,,,,,,1,,,,
Spanien,"de Solà-Morales, Ignasi",,,,,,,,1,,,,
Spanien,"Ortega Sanz, Yolanda",,,,,,,,,,,1,
Spanien,"Perez, Arroyo S.",,,1,,,,,,,,,
Spanien,"Prieto, Maria",,,,,,,,,,,1,
Südafrika,"Judin, Hilton",,,,,,,,1,,,,
Syrien,"Akili, Taher",,,,1,,,,,,,,
Syrien,"Mouhanna, Ziad",,,,,1,,,,,,,
Türkei,"Akis, Tonguç",,,,,,,,,,1,,
Türkei,"Boztepe, Uygar",,,,,,,,,,,,1
Tschechien,"Halik, Pavel",,,,,,1,,,,,,
Tschechien,"Kratochvil, Petr",,,,,,,,,1,,,
UdSSR,"Abramauskas, S.",,1,,,,,,,,,,
UdSSR,"Aronov, Vladimir",,,1,,,,,,,,,
UdSSR,"Balachow, Oleg",,,1,,,,,,,,,
UdSSR,"Belostockaja, F.Ja",1,,,,,,,,,,,
UdSSR,"Chait, Wladimir Lwowitsch",,,,,1,,,,,,,
UdSSR,"Chan-Magomedov, S.O.",,,,,,,,,,,,
UdSSR/Russland,"Demjanow, Leonid",,,1,1,1,,1,,,,,
UdSSR,"Genezaretzki, ?",,,,,1,,,,,,,
UdSSR,"Gurianova, Galina",,,,1,,,,,,,,
UdSSR,"Ikonnikow, Andrey W.",,,1,,1,,,,,,,
UdSSR,"Jakovlevas-Mateckis, Konstantinas",,,,,1,,,,,,,
UdSSR,"Kastel, Igor",,,1,,,,,,,,,
UdSSR,"Kelschalsew, ?",1,,,,,,,,,,,
UdSSR,"Kim, Nikolai Nikolaj",,1,,,,,,,,,,
UdSSR,"Kim, Warwara Segreewna",,1,,,,,,,,,,
UdSSR,"Kokkonaki, I. W.",,,,,1,,,,,,,
UdSSR,"Komarowa, Lidija K.",,1,1,,,,,,,,,
UdSSR,"Krajewski, Max",1,,,,,,,,,,,
UdSSR,"Kudrjawzew, Alexander P.",,1,,1,,,,,,,,
UdSSR,"Lebedew, Juri S.",,,,1,,,,,,,,
UdSSR,Melodinski,,,,,1,,,,,,,
UdSSR,"Michailnow, Sergej",,,,,1,,,,,,,
UdSSR,"Molochalzew, ?",,,,,,,,,,,,
UdSSR,"Muljar, Leonid Ch.",,,,1,,,,,,,,
UdSSR,"Naginskaja, Walja",,,,1,,,,,,,,
UdSSR,"Nagornaja, Ingrid",,1,1,,1,,,,,,,
UdSSR,"Owsjanikowa, Elena",,,,,1,,,,,,,
UdSSR,"Pawlow, Leonid L.",,,1,,1,,,,,,,
UdSSR,"Predtetschentskj, V.M.",1,,,,,,,,,,,
UdSSR,"Pilens, Uldis",,,1,,,,,,,,,
UdSSR,"Rafalowitsch, Igor",,,,,1,,,,,,,
UdSSR,"Reusow, Wladimir",,,,,1,,,,,,,
UdSSR,"Shadowa, Larissa A.",,1,,,,,,,,,,
UdSSR,"Schewzow, Konstantin",,1,,,,,,,,,,
UdSSR,"Schischkow, ?",,,,,1,,,,,,,
UdSSR,"Sokolow, Julij",,1,,,,,,,,,,
UdSSR,"Spelskis, Antanas",1,1,1,,,,,,,,,
UdSSR,"Starikow, Alexander",,,,,1,,,,,,,
UdSSR,"Stepanow, Alexander",,,1,,,,,,,,,
UdSSR,"Stepanov, Vjatscheslav",,,,,1,,,,,,,
UdSSR,"Sulimenko, Sergej",,,,,1,,,,,,,
UdSSR,"Tolziner, Philipp M.",,1,,,,,,,,,,
UdSSR,"Torkatjuk, Wladimir",,,,,1,,,,,,,
UdSSR,"Woltschok, Juri",,,,1,,,,,,,,
Ungarn,"Baikay-Rosch, Eva",,,,1,,,,,,,,
Ungarn,"Böhönyey, Janos",,,,1,1,,,,,,,
Ungarn,"Ernyey, Gyula",,,,1,,,,,,,,
Ungarn,"Freivogel, Gabor",,,,1,,,,,,,,
Ungarn,"Gábor, Eszter",,,1,,,,,,,,,
Ungarn,"Horvath-Sipos, Susanne",,,,,1,,,,,,,
Ungarn,"Horvath-Sipos, Edith",1,,1,1,,,,,,,,
Ungarn,"Jozsef, Denes",,,,,1,,,,,,,
Ungarn,"Kiss, Tibor",,1,1,1,,,,,,,,
Ungarn,"Kleinseisel, Janos",,,,,1,,,,,,,
Ungarn,"Körner, Eva",,,1,,,,,,,,,
Ungarn,"Lantos, Ferene",,1,,,,,,,,,,
Ungarn,"Pap-Haulisch, Lenke",,,,1,1,,,,,,,
Ungarn,"Pap, Gyula",,1,,,,,,,,,,
Ungarn,"Pap, ?",,1,,,,,,,,,,
USA,"Aach, Doris",,,1,,,,,,,,,
USA,"Aach, Herb",,,1,,,,,,,,,
USA,"Adams, Samuel",,,,,,,,,,,,1
USA,"Akcan, Esra",,,,,,,,,,,,1
USA,"Allen, Stan",,,,,,,1,,,,,
USA,"Allner, Walter",,1,1,1,1,,,,,,,
USA,"Anderson, Stanford",,,,,,,,,,,1,
USA,"Angelidou, Ioanna",,,,,,,,,,,,1
USA,"Baird, George",,,,,,,,,1,,,
USA,"Barry, Kristin M.",,,,,,,,,,,,1
USA,"Bayer, Herbert",,,,,,,,,,,,
USA,"Boyer, M. Christine",,,,,,,,,,,1,
USA,"Bredendieck, Hin",,,1,,,,,,,,,
USA,"Bredendieck, Karl-Josef",,,1,,,,,,,,,
USA,"Colomina, Beatriz",,,,,,,,,1,,,1
USA,"de Costa Meyer, Esther",,,,,,,,,,,,1
USA,"Dubbeldam, Winka",,,,,,,1,,,,,
USA,"Easterling, Keller",,,,,,,,,,,1,
USA,"Edmiston, Jeremy",,,,,,,1,,,,,
USA,"Esse, Katherine",,,,,1,,,,,,,
USA,"Fabricius, Daniela",,,,,,,,,,,,1
USA,"Finger, Anke",,,,,,,,,,,,1
USA,"Fischer, Ole W.",,,,,,,,,,1,,1
USA,"Fitzsimons, J. Kent",,,,,,,,,1,,,
USA,"Forster, Kurt W.",,,,,,,,,,1,,
USA,"Gamble, M. Eric",,,,,,,,,1,,,
USA,"Gleye, Paul",,,,,1,,,,,,,
USA,"Godel, Addison",,,,,,,,,,,1,
USA,"Graf, Douglas",,,,,,,1,,,,1,
USA,"Harding, Annelise",,,1,,,,,,,,,
USA,"Harwood, John",,,,,,,,,,,,1
USA,"Hays, K. Michael",,,,,,,,1,,1,,
USA,"Isaacs, Reginard",,,,1,,,,,,,,
USA,"Jameson, Fredric R.",,,,,,,,1,,,,
USA,"Jencks, Charles",,,,,,1,,,,,,
USA,"Kiyak, Acalya",,,,,,,,,1,,,
USA,"Koss, Juliet",,,,,,,,,,,,1
USA,"Kuenzli, Katherine",,,,,,,,,,,,1
USA (BRD),"Kunz, Lucy",,,,1,,,,,,,,
USA (Schweiz),"Langer, Bernhard",,,,,,,,,1,1,,
USA,"Lavin, Sylvia",,,,,,,,,,1,,
USA,"Maciouika, John V.",,,,,,,,,,,,1
USA,"Mallgrave, Harry Francis",,,,,,,,,,1,,
USA,"Meister, Anna-Maria",,,,,,,,,,,,1
USA,"Mitchell, W. J. T.",,,,,,,,,,1,,
USA,"Morris, Marc",,,,,,,1,,,,,
USA,"Naegele, Daniel",,,,,,,,,1,,,
USA,"Narath, Albert",,,,,,,,,,,1,
USA,"Nisbet, Peter",,,,1,,,,,,,,
USA,"Ockman, Joan",,,,,,,,,1,,,
USA,"Papapetros, Spyros",,,,,,,,,,,,1
USA,"Pearlman, Judith",,,,1,,,,,,,,
USA,"Petit, Emmanuel J.",,,,,,,,,1,,,
USA,"Picon, Antoine",,,,,,,,,1,,,
USA,"Pozzi, Clelia",,,,,,,,,,,,1
USA,"Raulet, Gérard",,,,,,,,1,,,,
USA,"Ridler, Morgan",,,,,,,,,,,,1
USA,"Rocker, Ingeborg M.",,,,,,,,,,1,,
USA,"Rykwert, Joseph",,,,,,,,,1,,,
USA (GB),"Sassen, Saskia",,,,,,,,1,,,,
USA,"Shusterman, Richard",,,,,,,,,,,1,
USA,"Siepl-Coates, Susanne",,,,,1,,,,,,,
USA,"Singh, Rupinder",,,,,,,,,1,,,
USA,"Speaks, Michael",,,,,,,,1,,,1,
USA,"Tilder, Lisa",,,,,,,,,1,,,
USA,"Vidler, Anthony",,,,,,,,,1,,,
USA,"Welsch, Celina R.",,,,,,1,,,,,,
USA,"Welter, Volker M.",,,,,,,,,,,,1
USA,"Whiting, Sarah",,,,,,,,,,,1,
USA,"Williams, Alena",,,,,,,,,,1,,
USA,"Yusaf, Shundana",,,,,,,,,,,,1
USA,"Zarzycki, Andrzej",,,,,,,,,,1,,
Vietnam,Nguyen Khao Tiem,,,1,,,,,,,,,
Vietnam,Nguyen Manh Thu,,,1,,,,,,,,,
Vietnam,Nguyen Tien Buu,,,1,,,,,,,,,
Vietnam,Pham Ngoc Dang,,,1,,,,,,,,,
Vietnam,Tran But,,,1,,,,,,,,,
Vietnam,Tran Tat Dat,,,1,,,,,,,,,
Vietnam,Vo Tien An,,,1,,,,,,,,,
Zypern,"Bargilly, Marcos A.",,,,1,,,,,,,,
